"tweet_id","in_reply_to_status_id","in_reply_to_user_id","timestamp","source","text","retweeted_status_id","retweeted_status_user_id","retweeted_status_timestamp","expanded_urls"
"994222281458114560","","","2018-05-09 14:27:18 +0000","<a href=""http://twitter.com/download/android"" rel=""nofollow"">Twitter for Android</a>","You're well rounded if you're not good at anything","","","",""
"994077757574471685","","","2018-05-09 04:53:01 +0000","<a href=""http://twitter.com/download/android"" rel=""nofollow"">Twitter for Android</a>","Going to be congratulating my great grandkid for opening a Hooters on Pluto, or something","","","",""
"994073528898150407","","","2018-05-09 04:36:12 +0000","<a href=""http://twitter.com/download/android"" rel=""nofollow"">Twitter for Android</a>","morale boost sea chanties about mondays for the office","","","",""
"994068404888854530","","","2018-05-09 04:15:51 +0000","<a href=""http://twitter.com/download/android"" rel=""nofollow"">Twitter for Android</a>","Getting really into lagoons","","","",""
"993697237887848449","","","2018-05-08 03:40:58 +0000","<a href=""http://twitter.com/download/android"" rel=""nofollow"">Twitter for Android</a>","is it gay if you try and fit the entire shower stream in your mouth","","","",""
"993526187015245825","","","2018-05-07 16:21:16 +0000","<a href=""http://twitter.com/download/android"" rel=""nofollow"">Twitter for Android</a>","Jim is short for Jimulation","","","",""
"993514904320700418","","","2018-05-07 15:36:26 +0000","<a href=""https://mobile.twitter.com"" rel=""nofollow"">Twitter Lite</a>","You would think trying to do good in this world wouldn't be such a competitive field","","","",""
"993130939856408577","","","2018-05-06 14:10:42 +0000","<a href=""https://mobile.twitter.com"" rel=""nofollow"">Twitter Lite</a>","not going to check out your ""a night in imagination asia"" spotify playlist or whatever the hell","","","",""
"993126072337170440","","","2018-05-06 13:51:21 +0000","<a href=""http://twitter.com/download/android"" rel=""nofollow"">Twitter for Android</a>","humans are apparently good at thinking about the future and running long distances, but wow wouldn't you believe it both those things suck","","","",""
"991745061561032706","","","2018-05-02 18:23:43 +0000","<a href=""http://twitter.com"" rel=""nofollow"">Twitter Web Client</a>","my phone may as well shoot vines into my eyes and rip out my brains","","","",""
"988184157967798272","","","2018-04-22 22:33:57 +0000","<a href=""https://mobile.twitter.com"" rel=""nofollow"">Twitter Lite</a>","fumpckin a pumpkin, pumpkin style","","","",""
"986804659787616256","","","2018-04-19 03:12:19 +0000","<a href=""https://mobile.twitter.com"" rel=""nofollow"">Twitter Lite</a>","extremely horny and incredibly horney","","","",""
"986792771980857344","","","2018-04-19 02:25:05 +0000","<a href=""https://mobile.twitter.com"" rel=""nofollow"">Twitter Lite</a>","these days, feeling like the rest of humanity lives in the apartment above me","","","",""
"986100142922137601","","","2018-04-17 04:32:49 +0000","<a href=""http://twitter.com"" rel=""nofollow"">Twitter Web Client</a>","still pissed that The Most Extreme crowned the mosquito as the most dangerous animal","","","",""
"986098528991707136","","","2018-04-17 04:26:24 +0000","<a href=""http://twitter.com"" rel=""nofollow"">Twitter Web Client</a>","save the thinking for work","","","",""
"985978302836994048","","","2018-04-16 20:28:40 +0000","<a href=""http://twitter.com"" rel=""nofollow"">Twitter Web Client</a>","If this is a simulation I hope it's Japanese","","","",""
"985265327251615744","","","2018-04-14 21:15:34 +0000","<a href=""http://twitter.com"" rel=""nofollow"">Twitter Web Client</a>","Oh but what a magnificent concept, that you could make up some rules for yourself AND follow them with diligence","","","",""
"983742178731151360","","","2018-04-10 16:23:07 +0000","<a href=""http://twitter.com"" rel=""nofollow"">Twitter Web Client</a>","dodging raindrops matrix style","","","",""
"983159702329675776","","","2018-04-09 01:48:33 +0000","<a href=""https://mobile.twitter.com"" rel=""nofollow"">Twitter Lite</a>","The apartment roaches are planning a microwave break-in to get to the Golden Oil covering the inner walls","","","",""
"983155043732946945","","","2018-04-09 01:30:03 +0000","<a href=""https://mobile.twitter.com"" rel=""nofollow"">Twitter Lite</a>","As the Romans say, ""park that D in""","","","",""
"982621706358583297","","","2018-04-07 14:10:45 +0000","<a href=""https://mobile.twitter.com"" rel=""nofollow"">Twitter Lite</a>","Bottled soup, soupery, craft soup, soup light","","","",""
"982369899363348481","","","2018-04-06 21:30:10 +0000","<a href=""https://mobile.twitter.com"" rel=""nofollow"">Twitter Lite</a>","Ahh that, oh yes yeah, that summer feeling! the palm trees, neon lights, fucking... coke bottles! beaches, sunscreen smell mmm bugs","","","",""
"982365912450859008","","","2018-04-06 21:14:19 +0000","<a href=""https://mobile.twitter.com"" rel=""nofollow"">Twitter Lite</a>","experience has claws, carving valleys out of my mind","","","",""
"982360822826577920","","","2018-04-06 20:54:06 +0000","<a href=""https://mobile.twitter.com"" rel=""nofollow"">Twitter Lite</a>","these days, just lookin like dog food smells","","","",""
"982272947388760065","","","2018-04-06 15:04:55 +0000","<a href=""http://twitter.com"" rel=""nofollow"">Twitter Web Client</a>","Jazz is the Jizz cause it's in my balls, baby !!!!","","","",""
"982025123829035014","","","2018-04-05 22:40:09 +0000","<a href=""https://mobile.twitter.com"" rel=""nofollow"">Twitter Lite</a>","Yeah uhhhh I'll get a wom, no bat","","","",""
"981569267513651200","","","2018-04-04 16:28:44 +0000","<a href=""https://mobile.twitter.com"" rel=""nofollow"">Twitter Lite</a>","Why so much concern for the ozone if there are 25 other zones?","","","",""
"981568765778374656","","","2018-04-04 16:26:45 +0000","<a href=""https://mobile.twitter.com"" rel=""nofollow"">Twitter Lite</a>","I had doctors plant an acorn in my brain","","","",""
"981566314379644928","","","2018-04-04 16:17:00 +0000","<a href=""https://mobile.twitter.com"" rel=""nofollow"">Twitter Lite</a>","Open source that dusty ass Constitution already!","","","",""
"980960036158656512","","","2018-04-03 00:07:52 +0000","<a href=""http://twitter.com"" rel=""nofollow"">Twitter Web Client</a>","Does you school's yearbook suck? Shop around at other schools! Free market baby!","","","",""
"980461752851759106","","","2018-04-01 15:07:52 +0000","<a href=""http://twitter.com"" rel=""nofollow"">Twitter Web Client</a>","wish there was a really heavy fog in my house all the time","","","",""
"980423465651011585","","","2018-04-01 12:35:44 +0000","<a href=""https://mobile.twitter.com"" rel=""nofollow"">Twitter Lite</a>","Yakety sax running away from a giant rolling egg, ""this ain't no yoke""","","","",""
"980420954152226817","","","2018-04-01 12:25:45 +0000","<a href=""https://mobile.twitter.com"" rel=""nofollow"">Twitter Lite</a>","It's actually NOT okay to have feelings. Okay glad I could clear that up for you guys","","","",""
"980419890493493249","","","2018-04-01 12:21:31 +0000","<a href=""https://mobile.twitter.com"" rel=""nofollow"">Twitter Lite</a>","I swallow a pack of cigarettes and thnk thnk thnk out like rapid fire","","","",""
"980223363909128192","","","2018-03-31 23:20:36 +0000","<a href=""https://mobile.twitter.com"" rel=""nofollow"">Twitter Lite</a>","Never really clicking with anyone, more like continental collisions","","","",""
"979810876231421952","","","2018-03-30 20:01:31 +0000","<a href=""http://twitter.com"" rel=""nofollow"">Twitter Web Client</a>","I beg to differ and I beg to agree, I'm just a fucking beggar","","","",""
"979807947646750720","","","2018-03-30 19:49:53 +0000","<a href=""http://twitter.com"" rel=""nofollow"">Twitter Web Client</a>","Reverse engineering torpedoes to make a better penguin","","","",""
"979713093352779776","","","2018-03-30 13:32:58 +0000","<a href=""https://mobile.twitter.com"" rel=""nofollow"">Twitter Lite</a>","I'm trying to become the least famous alumni of my high school. It's harder than you think","","","",""
"979615110602817536","","","2018-03-30 07:03:37 +0000","<a href=""https://mobile.twitter.com"" rel=""nofollow"">Twitter Lite</a>","ladies and gentledaddies","","","",""
"979551445107306496","","","2018-03-30 02:50:38 +0000","<a href=""https://mobile.twitter.com"" rel=""nofollow"">Twitter Lite</a>","The wind is taking a long time to say ""what""","","","",""
"978510422591537152","","","2018-03-27 05:53:59 +0000","<a href=""https://mobile.twitter.com"" rel=""nofollow"">Twitter Lite</a>","slow and steady, get 3rd place kind of guy","","","",""
"978409066224652290","","","2018-03-26 23:11:14 +0000","<a href=""https://mobile.twitter.com"" rel=""nofollow"">Twitter Lite</a>","Wow! I'm really getting a kick out of all the posts here! Keep 'em coming!","","","",""
"978045142501339138","","","2018-03-25 23:05:07 +0000","<a href=""https://mobile.twitter.com"" rel=""nofollow"">Twitter Lite</a>","fish sticks enchiladas","","","",""
"977934549333299200","","","2018-03-25 15:45:40 +0000","<a href=""https://mobile.twitter.com"" rel=""nofollow"">Twitter Lite</a>","i've got nothing smart to say about culture. star wars? it's like 3/5 idk sue me","","","",""
"977932679793532928","","","2018-03-25 15:38:14 +0000","<a href=""https://mobile.twitter.com"" rel=""nofollow"">Twitter Lite</a>","Dead Shitposters Society","","","",""
"977655950696964096","","","2018-03-24 21:18:37 +0000","<a href=""http://twitter.com"" rel=""nofollow"">Twitter Web Client</a>","oh hell aw well","","","",""
"977523654505455616","","","2018-03-24 12:32:55 +0000","<a href=""http://twitter.com/download/android"" rel=""nofollow"">Twitter for Android</a>","A cool experiment would be to move the humans off of Earth for a couple thousand years","","","",""
"977504050081083393","","","2018-03-24 11:15:01 +0000","<a href=""http://twitter.com/download/android"" rel=""nofollow"">Twitter for Android</a>","love it when my problem is thinking too much about thinking too much about my problems","","","",""
"977285112588111872","","","2018-03-23 20:45:02 +0000","<a href=""http://twitter.com/download/android"" rel=""nofollow"">Twitter for Android</a>","I'm not afraid of wasps. I let them into my home. I ask if they want anything to eat or drink. I'll even let them play my xbox. Never been stung","","","",""
"977284545073635333","","","2018-03-23 20:42:47 +0000","<a href=""http://twitter.com/download/android"" rel=""nofollow"">Twitter for Android</a>","Starfish have great giant monster movie potential","","","",""
"977021858947256320","","","2018-03-23 03:18:58 +0000","<a href=""http://twitter.com/download/android"" rel=""nofollow"">Twitter for Android</a>","That's totally nuts. That's totally bananas. That's totally peanut butter banana sandwiches. That's totally banana nut breads.","","","",""
"957776532621201409","","","2018-01-29 00:44:54 +0000","<a href=""http://twitter.com/download/android"" rel=""nofollow"">Twitter for Android</a>","just found out what irony is","","","",""
"956566453947453441","","","2018-01-25 16:36:29 +0000","<a href=""http://twitter.com/download/android"" rel=""nofollow"">Twitter for Android</a>","there's a silent j in fujck now","","","",""
"954909478884962304","","","2018-01-21 02:52:15 +0000","<a href=""http://twitter.com/download/android"" rel=""nofollow"">Twitter for Android</a>","New from TEDx: The Genius Behind Tash Can Lids","","","",""
"951780346290429953","","","2018-01-12 11:38:12 +0000","<a href=""http://twitter.com/download/android"" rel=""nofollow"">Twitter for Android</a>","i feel like i'm normal enough to be normal, but also too crazy to not be crazy?","","","",""
"951777948801097728","","","2018-01-12 11:28:40 +0000","<a href=""http://twitter.com/download/android"" rel=""nofollow"">Twitter for Android</a>","isn't it cool to imagine going to a new world and having no words for the things you would see?","","","",""
"941512086861111296","","","2017-12-15 03:35:48 +0000","<a href=""https://mobile.twitter.com"" rel=""nofollow"">Twitter Lite</a>","On the next episode of ""Fix or Fiz""!

He wants a computer processor!
[""heen yes pixels""] 
[RAPID TIM ALLEN GRUNTS]

She wants a food processor!
[ ""food's bae""] 
[DRAMATIZED BARFING HELL]

Will they Fix
[GRAINY GREEN BEDROOM CAMERA MOANING SOFTCORE]
 or Fiz???
[PILLORY]","","","",""
"941459330569854981","","","2017-12-15 00:06:10 +0000","<a href=""https://mobile.twitter.com"" rel=""nofollow"">Twitter Lite</a>","it takes me like 5 years of sweaty introspection and prayer to realize i'm wrong","","","",""
"940481624868876288","144660078472073216","16298441","2017-12-12 07:21:07 +0000","<a href=""https://mobile.twitter.com"" rel=""nofollow"">Twitter Lite</a>","@dril H","","","",""
"940061670281375745","","","2017-12-11 03:32:22 +0000","<a href=""https://mobile.twitter.com"" rel=""nofollow"">Twitter Lite</a>","craving a spongebob episode where mr karbs sells sponge &amp; squid for Bitcoin! that would get a hearty laugh out of me! ohohoho! he really is that greedy!","","","",""
"939616574268428288","","","2017-12-09 22:03:43 +0000","<a href=""https://mobile.twitter.com"" rel=""nofollow"">Twitter Lite</a>","printing and cutting out bitcoin signs to glue onto my eyeballs","","","",""
"939614848614326272","","","2017-12-09 21:56:51 +0000","<a href=""https://mobile.twitter.com"" rel=""nofollow"">Twitter Lite</a>","I think the block chain must be like a magical dragon we're all riding in the sky together, safe and secure and having fun and getting fuck filthy rich","","","",""
"939612320686321665","","","2017-12-09 21:46:49 +0000","<a href=""https://mobile.twitter.com"" rel=""nofollow"">Twitter Lite</a>","You, Bitcoin, and God: Navigating Cryptocurrency and Spirituality, Together","","","",""
"939607477120917505","","","2017-12-09 21:27:34 +0000","<a href=""https://mobile.twitter.com"" rel=""nofollow"">Twitter Lite</a>","Which Marvel movie was it that Hulk was captured and forced to run on a giant hamster wheel to power bitcoin mining?","","","",""
"939601521989255169","","","2017-12-09 21:03:54 +0000","<a href=""https://mobile.twitter.com"" rel=""nofollow"">Twitter Lite</a>","I want bitcoin at my funeral","","","",""
"937369112296198145","937368778689695744","2937791672","2017-12-03 17:13:06 +0000","<a href=""https://mobile.twitter.com"" rel=""nofollow"">Twitter Lite</a>","*fire reflected in eyes, squeals of Hogs and men*","","","",""
"937368778689695744","","","2017-12-03 17:11:46 +0000","<a href=""https://mobile.twitter.com"" rel=""nofollow"">Twitter Lite</a>","The Hog Wars still rage. Every town has a Hog Militia. Hog Walls are half a pine high. Every child gets their Hog Tusks when they go out alone on their first Hog Hunt.","","","",""
"937181465909055488","","","2017-12-03 04:47:28 +0000","<a href=""https://mobile.twitter.com"" rel=""nofollow"">Twitter Lite</a>","Hogwarts but instead everyone is studying to be a hog","","","",""
"937175781717037056","905167692931506177","16298441","2017-12-03 04:24:52 +0000","<a href=""https://mobile.twitter.com"" rel=""nofollow"">Twitter Lite</a>","@dril I can't stop with this, good one","","","",""
"936646133740462080","","","2017-12-01 17:20:14 +0000","<a href=""https://mobile.twitter.com"" rel=""nofollow"">Twitter Lite</a>","Putting my foot down with scams like coats &amp; jackets &amp; such, I've already got blankets at home that are warmer, cozier, ect. only cave people need mobility to flail their arms around in the cold","","","",""
"936457615709700097","936432140916576256","351357724","2017-12-01 04:51:08 +0000","<a href=""https://mobile.twitter.com"" rel=""nofollow"">Twitter Lite</a>","@HammerFist3 slow down, you're gonna crash","","","",""
"933938745497346049","","","2017-11-24 06:02:03 +0000","<a href=""https://mobile.twitter.com"" rel=""nofollow"">Twitter Lite</a>","glad there are people different from me. somebody has to be doing all the things that I am not doing.","","","",""
"933125724323454976","","","2017-11-22 00:11:23 +0000","<a href=""https://mobile.twitter.com"" rel=""nofollow"">Twitter Lite</a>","it's pretty rude how they wrote a song about how you're nobody until somebody loves you","","","",""
"932123719945814016","","","2017-11-19 05:49:47 +0000","<a href=""https://mobile.twitter.com"" rel=""nofollow"">Twitter Lite</a>","I actually think I'm going go for round 2 right after lmao","","","",""
"932032623098122240","932028396292399104","289853473","2017-11-18 23:47:48 +0000","<a href=""https://mobile.twitter.com"" rel=""nofollow"">Twitter Lite</a>","@billwurtz This advice turned me into an instant success","","","",""
"932026860501946368","","","2017-11-18 23:24:54 +0000","<a href=""https://mobile.twitter.com"" rel=""nofollow"">Twitter Lite</a>","omg I literally don't even know is going on what does anyone like can I ask you help how what hold up is this are you suppose stop this really is that the","","","",""
"932020844213297152","","","2017-11-18 23:01:00 +0000","<a href=""https://mobile.twitter.com"" rel=""nofollow"">Twitter Lite</a>","My mouth still waters when I remember shit like 'Monkey Madness' and ""UMP45""","","","",""
"930652476763721729","930651959094317059","2937791672","2017-11-15 04:23:35 +0000","<a href=""https://mobile.twitter.com"" rel=""nofollow"">Twitter Lite</a>","another: ""pray for family bullshit for bread""","","","",""
"930651959094317059","","","2017-11-15 04:21:32 +0000","<a href=""https://mobile.twitter.com"" rel=""nofollow"">Twitter Lite</a>","my favorite prodverb ""fear not the wolf among sheep but the sheep in the lion""","","","",""
"929717659704397824","","","2017-11-12 14:28:58 +0000","<a href=""http://twitter.com"" rel=""nofollow"">Twitter Web Client</a>","compar e           (nice)
compar atively   (wtf)","","","",""
"929161141238026240","","","2017-11-11 01:37:33 +0000","<a href=""https://mobile.twitter.com"" rel=""nofollow"">Twitter Lite</a>","I will accept your criticism if it is at 1 bit per day","","","",""
"928077900364034049","","","2017-11-08 01:53:08 +0000","<a href=""https://mobile.twitter.com"" rel=""nofollow"">Twitter Lite</a>","Everyone's going to have to get publishers for these tweets now damn #280characters","","","",""
"926893859384315906","","","2017-11-04 19:28:11 +0000","<a href=""https://mobile.twitter.com"" rel=""nofollow"">Twitter Lite</a>","let's consider an apocalypse where a billion hell wolves invade the earth","","","",""
"925729147548258304","","","2017-11-01 14:20:02 +0000","<a href=""https://mobile.twitter.com"" rel=""nofollow"">Twitter Lite</a>","Supplement Facts
Serving Size: 1 Fat Ass","","","",""
"925724820440076288","","","2017-11-01 14:02:50 +0000","<a href=""https://mobile.twitter.com"" rel=""nofollow"">Twitter Lite</a>","Soup is equality. Everything soaks up the broth, contributes to the broth.","","","",""
"925572698524278784","","","2017-11-01 03:58:22 +0000","<a href=""https://mobile.twitter.com"" rel=""nofollow"">Twitter Lite</a>","mother nature big mountains wet rivers","","","",""
"925572155231924225","","","2017-11-01 03:56:12 +0000","<a href=""https://mobile.twitter.com"" rel=""nofollow"">Twitter Lite</a>","Jared just wanted to jam Jackie
Jackie just wanted Jesus and a Jeep","","","",""
"925570423621935104","","","2017-11-01 03:49:19 +0000","<a href=""https://mobile.twitter.com"" rel=""nofollow"">Twitter Lite</a>","If she owns a chocolate factory she can get it","","","",""
"924142753998606337","","","2017-10-28 05:16:16 +0000","<a href=""https://mobile.twitter.com"" rel=""nofollow"">Twitter Lite</a>","coconut steam","","","",""
"924142109577367552","","","2017-10-28 05:13:43 +0000","<a href=""https://mobile.twitter.com"" rel=""nofollow"">Twitter Lite</a>","Nair but with trained guppies","","","",""
"924141845466288128","","","2017-10-28 05:12:40 +0000","<a href=""https://mobile.twitter.com"" rel=""nofollow"">Twitter Lite</a>","I do not think a sack of shit was ever a thing, I think it was made it up as a name for bad people","","","",""
"924132177654222849","","","2017-10-28 04:34:15 +0000","<a href=""https://mobile.twitter.com"" rel=""nofollow"">Twitter Lite</a>","getting inside the Red Box that kills me instantly and produces my comedy gold life as a dvd, my sacrifice for boys movie night","","","",""
"923911994197110784","","","2017-10-27 13:59:19 +0000","<a href=""https://mobile.twitter.com"" rel=""nofollow"">Twitter Lite</a>","fellas is it gay to give away the joke before the end? I mean you just blew the punchline","","","",""
"923372858600026112","","","2017-10-26 02:16:59 +0000","<a href=""https://mobile.twitter.com"" rel=""nofollow"">Twitter Lite</a>","If you could take one ""if you could take one [blank] to a deserted island"" question to a deserted island, what would you take","","","",""
"923017296188231680","","","2017-10-25 02:44:06 +0000","<a href=""https://mobile.twitter.com"" rel=""nofollow"">Twitter Lite</a>","ALOHAnet, goodbye 3.0","","","",""
"922831302470111233","","","2017-10-24 14:25:02 +0000","<a href=""https://mobile.twitter.com"" rel=""nofollow"">Twitter Lite</a>","senior design
red noise gins
dig nine roses
i ignore sends
sin goners die","","","",""
"921941166278565888","","","2017-10-22 03:27:57 +0000","<a href=""https://mobile.twitter.com"" rel=""nofollow"">Twitter Lite</a>","Eigenvalue nothing anymore","","","",""
"921939786604138497","","","2017-10-22 03:22:28 +0000","<a href=""https://mobile.twitter.com"" rel=""nofollow"">Twitter Lite</a>","i'm going to Device Driver into the ocean","","","",""
"921541372116598784","","","2017-10-21 00:59:19 +0000","<a href=""https://mobile.twitter.com"" rel=""nofollow"">Twitter Lite</a>","there's like 700 muscles in my body one of them might be jacked idk","","","",""
"921377779651874817","","","2017-10-20 14:09:15 +0000","<a href=""https://mobile.twitter.com"" rel=""nofollow"">Twitter Lite</a>","I know every combination of animal fights, I know the winners, I know the losers","","","",""
"921026297819811841","","","2017-10-19 14:52:35 +0000","<a href=""https://mobile.twitter.com"" rel=""nofollow"">Twitter Lite</a>","Soups up broth!!","","","",""
"920249743552516098","","","2017-10-17 11:26:50 +0000","<a href=""https://mobile.twitter.com"" rel=""nofollow"">Twitter Lite</a>","realizing that you can't wait for a better future and need to act now!! what a classic!","","","",""
"918846460568985600","","","2017-10-13 14:30:42 +0000","<a href=""https://mobile.twitter.com"" rel=""nofollow"">Twitter Lite</a>","haha that 'dick and monty' show that nerd shit whatever it's called yeah the mcsauce funny shit  good thing never wacthed it lol not me","","","",""
"918722876043227136","","","2017-10-13 06:19:37 +0000","<a href=""https://mobile.twitter.com"" rel=""nofollow"">Twitter Lite</a>","rain is relief","","","",""
"918505146849660929","","","2017-10-12 15:54:26 +0000","<a href=""https://mobile.twitter.com"" rel=""nofollow"">Twitter Lite</a>","Blunder Years, the Extended Director's Cut, with over 4 years of additional zany faux pas and wild insecurity","","","",""
"917916539852124160","","","2017-10-11 00:55:31 +0000","<a href=""https://mobile.twitter.com"" rel=""nofollow"">Twitter Lite</a>","our Simulation freezes on a short moment you were abosrbed with a dog licking its junk","","","",""
"917916240018059264","","","2017-10-11 00:54:20 +0000","<a href=""https://mobile.twitter.com"" rel=""nofollow"">Twitter Lite</a>","manager grins wryly ""what about people skills?""  
Im stunned
he pushes me in rolly chair ""Wait! onetimemyteam- "" 
shattered window, falling","","","",""
"917906341871616001","","","2017-10-11 00:15:00 +0000","<a href=""https://mobile.twitter.com"" rel=""nofollow"">Twitter Lite</a>","pumpkins arnt even scary and NOO not even when you ""carve"" them","","","",""
"917584235711680513","917584135069331456","2937791672","2017-10-10 02:55:04 +0000","<a href=""https://mobile.twitter.com"" rel=""nofollow"">Twitter Lite</a>","computer load up latest research on human metamorphosis","","","",""
"917584135069331456","","","2017-10-10 02:54:40 +0000","<a href=""https://mobile.twitter.com"" rel=""nofollow"">Twitter Lite</a>","I wouldn't need to leave my bones out to dry if I had an exoskeleton","","","",""
"917443219079745536","","","2017-10-09 17:34:43 +0000","<a href=""https://mobile.twitter.com"" rel=""nofollow"">Twitter Lite</a>","Ocular proportions","","","",""
"916470535520948230","","","2017-10-07 01:09:37 +0000","<a href=""https://mobile.twitter.com"" rel=""nofollow"">Twitter Lite</a>","He died as he lived, alive","","","",""
"915669468780597253","915645626020454405","760807725819453440","2017-10-04 20:06:28 +0000","<a href=""https://mobile.twitter.com"" rel=""nofollow"">Twitter Lite</a>","@EliteSonicFan damn loved pac on pumpkin hill rip","","","",""
"914618254387236865","","","2017-10-01 22:29:19 +0000","<a href=""http://twitter.com"" rel=""nofollow"">Twitter Web Client</a>","Snakes are the purest because they don't have any disgusting limbs","","","",""
"914527193660829699","","","2017-10-01 16:27:28 +0000","<a href=""http://twitter.com"" rel=""nofollow"">Twitter Web Client</a>","girl you make me want to wear something other than gym shorts and t-shirts","","","",""
"914365459683823616","","","2017-10-01 05:44:48 +0000","<a href=""https://mobile.twitter.com"" rel=""nofollow"">Twitter Lite</a>","It's like uber for shaving cream","","","",""
"914199452780556288","","","2017-09-30 18:45:09 +0000","<a href=""http://twitter.com"" rel=""nofollow"">Twitter Web Client</a>","lmao you ""read books"" and ""write"", cute. but I was raised by A and Z and have fucked every letter in between. words are My children","","","",""
"913675219461578753","","","2017-09-29 08:02:02 +0000","<a href=""https://mobile.twitter.com"" rel=""nofollow"">Twitter Lite</a>","myself, between two giant pieces of bread, thrown into a volcano, Eat Fresh","","","",""
"913674827705102336","","","2017-09-29 08:00:28 +0000","<a href=""https://mobile.twitter.com"" rel=""nofollow"">Twitter Lite</a>","i should probably get a tattoo of my name, just in case","","","",""
"913674365614538752","","","2017-09-29 07:58:38 +0000","<a href=""https://mobile.twitter.com"" rel=""nofollow"">Twitter Lite</a>","A wicked curse would be like you have no idea who I am but constantly see what I see as a transparent overlay over your own vision","","","",""
"913673958452428800","","","2017-09-29 07:57:01 +0000","<a href=""https://mobile.twitter.com"" rel=""nofollow"">Twitter Lite</a>","am I going through a bad chapter or is my life a bad book in the library?","","","",""
"910742254784012288","","","2017-09-21 05:47:28 +0000","<a href=""http://twitter.com/download/android"" rel=""nofollow"">Twitter for Android</a>","breast feed your brand","","","",""
"910741841292795904","","","2017-09-21 05:45:50 +0000","<a href=""http://twitter.com/download/android"" rel=""nofollow"">Twitter for Android</a>","Program a program to program a child to program","","","",""
"909878541151539200","","","2017-09-18 20:35:23 +0000","<a href=""http://twitter.com/download/android"" rel=""nofollow"">Twitter for Android</a>","who is ful and when will he fill my life","","","",""
"909692080280276992","","","2017-09-18 08:14:27 +0000","<a href=""http://twitter.com/download/android"" rel=""nofollow"">Twitter for Android</a>","horses are always standing up for what they believe in","","","",""
"909691351779987456","","","2017-09-18 08:11:34 +0000","<a href=""http://twitter.com/download/android"" rel=""nofollow"">Twitter for Android</a>","a cell multiplying and a cell dividing is kind of the same thing","","","",""
"909691029716180993","","","2017-09-18 08:10:17 +0000","<a href=""http://twitter.com/download/android"" rel=""nofollow"">Twitter for Android</a>","perpetual motion machine idea that involves a dragon and hot air balloon","","","",""
"909188926409199617","","","2017-09-16 22:55:06 +0000","<a href=""http://twitter.com/download/android"" rel=""nofollow"">Twitter for Android</a>","change yourself? how bout just changing everyone else in your head","","","",""
"906690947940937729","","","2017-09-10 01:29:02 +0000","<a href=""http://twitter.com/download/android"" rel=""nofollow"">Twitter for Android</a>","i have come to feel as if letting a 100 people slap me in the face would make me a better person","","","",""
"904208191789174785","","","2017-09-03 05:03:26 +0000","<a href=""http://twitter.com/download/android"" rel=""nofollow"">Twitter for Android</a>","Why would you want to be me, someone who wonders why someone would want to be them","","","",""
"903588122696482816","","","2017-09-01 11:59:30 +0000","<a href=""http://twitter.com/download/android"" rel=""nofollow"">Twitter for Android</a>","how do I use my feelers","","","",""
"902706180644118528","","","2017-08-30 01:34:59 +0000","<a href=""http://twitter.com/download/android"" rel=""nofollow"">Twitter for Android</a>","Computer, give me ""cures for nerds""","","","",""
"902664957908709376","","","2017-08-29 22:51:11 +0000","<a href=""http://twitter.com/download/android"" rel=""nofollow"">Twitter for Android</a>","get ready! microwave your self-respect for 6 minutes","","","",""
"901937178581889024","","","2017-08-27 22:39:15 +0000","<a href=""http://twitter.com/download/android"" rel=""nofollow"">Twitter for Android</a>","I want a car that will fight me when I use it","","","",""
"901846806111420416","","","2017-08-27 16:40:08 +0000","<a href=""http://twitter.com"" rel=""nofollow"">Twitter Web Client</a>","We have all these predictive powers but we still only react when things get bad.","","","",""
"901355573551267840","","","2017-08-26 08:08:09 +0000","<a href=""http://twitter.com"" rel=""nofollow"">Twitter Web Client</a>","one day we will negotiate with the weather and have peace","","","",""
"901310414536966144","","","2017-08-26 05:08:43 +0000","<a href=""http://twitter.com/download/android"" rel=""nofollow"">Twitter for Android</a>","A man and a woman, woman and man
Fucking on the plane on the way to Japan","","","",""
"900860511125897216","900851213595541505","289853473","2017-08-24 23:20:57 +0000","<a href=""http://twitter.com"" rel=""nofollow"">Twitter Web Client</a>","@billwurtz In trouble? Need Lawyer? Call 1-800-NOT-GUILTY","","","",""
"900738029349994496","","","2017-08-24 15:14:15 +0000","<a href=""http://twitter.com/download/android"" rel=""nofollow"">Twitter for Android</a>","what's the universe's twist ending? I'm not sure but I think I might have something to do with it","","","",""
"900402991894851587","","","2017-08-23 17:02:56 +0000","<a href=""http://twitter.com"" rel=""nofollow"">Twitter Web Client</a>","Oysters will be the next big thing in horror","","","",""
"899680206503518208","","","2017-08-21 17:10:51 +0000","<a href=""http://twitter.com/download/android"" rel=""nofollow"">Twitter for Android</a>","I wonder how many babies are being held in so they can be born under Totality
#SolarEclipse2017","","","",""
"899677694484525056","","","2017-08-21 17:00:52 +0000","<a href=""http://twitter.com/download/android"" rel=""nofollow"">Twitter for Android</a>","back in my day we worshipped the sun and moon all the time, not just when they fucked around for a few minutes
#SolarEclipse2017","","","",""
"899677036029128704","","","2017-08-21 16:58:15 +0000","<a href=""http://twitter.com/download/android"" rel=""nofollow"">Twitter for Android</a>","Making a weapon to cover people in ice cream sandwich bread","","","",""
"897462270447497220","","","2017-08-15 14:17:33 +0000","<a href=""http://twitter.com/download/android"" rel=""nofollow"">Twitter for Android</a>","fuck ""field day"", just go to a field and start your own day","","","",""
"897322836771168256","","","2017-08-15 05:03:30 +0000","<a href=""http://twitter.com"" rel=""nofollow"">Twitter Web Client</a>","I refuse to be myself, not in this economy","","","",""
"897311974098423808","","","2017-08-15 04:20:20 +0000","<a href=""http://twitter.com"" rel=""nofollow"">Twitter Web Client</a>","think i'm going to do an experiment where i only think about my dick for a year","","","",""
"897309903488004097","897219783103356928","289853473","2017-08-15 04:12:06 +0000","<a href=""http://twitter.com"" rel=""nofollow"">Twitter Web Client</a>","@billwurtz this will go great with my smart ass","","","",""
"896740330745233409","","","2017-08-13 14:28:50 +0000","<a href=""http://twitter.com/download/android"" rel=""nofollow"">Twitter for Android</a>","her ankles were really... squirrelly","","","",""
"896454730247008261","","","2017-08-12 19:33:57 +0000","<a href=""http://twitter.com/download/android"" rel=""nofollow"">Twitter for Android</a>","someone blast this trash summer into a void","","","",""
"896453284420038658","","","2017-08-12 19:28:12 +0000","<a href=""http://twitter.com/download/android"" rel=""nofollow"">Twitter for Android</a>","there's a time and a place for a time and a place","","","",""
"896450900381794304","","","2017-08-12 19:18:44 +0000","<a href=""http://twitter.com/download/android"" rel=""nofollow"">Twitter for Android</a>","you get to transform into an elephant but it takes a year","","","",""
"896176461375295488","","","2017-08-12 01:08:13 +0000","<a href=""http://twitter.com/download/android"" rel=""nofollow"">Twitter for Android</a>","reach for the moon, even if you miss you can land on a star and  fuel it","","","",""
"895777091760906241","895772247943766018","289853473","2017-08-10 22:41:16 +0000","<a href=""http://twitter.com"" rel=""nofollow"">Twitter Web Client</a>","@billwurtz i will not fall for this again","","","",""
"895554785826541568","","","2017-08-10 07:57:54 +0000","<a href=""http://twitter.com/download/android"" rel=""nofollow"">Twitter for Android</a>","we don't even agree on what is known","","","",""
"895539790363414528","895535292437811200","16298441","2017-08-10 06:58:19 +0000","<a href=""http://twitter.com/download/android"" rel=""nofollow"">Twitter for Android</a>","@dril the quickest way to women hearts is through their bathrooms","","","",""
"895531713060904960","","","2017-08-10 06:26:13 +0000","<a href=""http://twitter.com/download/android"" rel=""nofollow"">Twitter for Android</a>","spread some fire on the wall
still dark inside but maybe not for long
water finds a way to fall","","","",""
"895527829907091456","","","2017-08-10 06:10:47 +0000","<a href=""http://twitter.com/download/android"" rel=""nofollow"">Twitter for Android</a>","living life backwards like I'm trying to get 99 defense before strength","","","",""
"895525661951053824","","","2017-08-10 06:02:10 +0000","<a href=""http://twitter.com/download/android"" rel=""nofollow"">Twitter for Android</a>","new twitter rules: you have to thank new followers and send apologies and explanations to those you unfollow","","","",""
"895523977271144448","","","2017-08-10 05:55:28 +0000","<a href=""http://twitter.com/download/android"" rel=""nofollow"">Twitter for Android</a>","I need to be in the god damn wilderness, cracking my legs against the earth","","","",""
"895350344049455104","","","2017-08-09 18:25:31 +0000","<a href=""http://twitter.com"" rel=""nofollow"">Twitter Web Client</a>","being persuasive is a killer super power","","","",""
"895160029506138112","","","2017-08-09 05:49:16 +0000","<a href=""http://twitter.com"" rel=""nofollow"">Twitter Web Client</a>","watching lost in translation, bill looked at the clock and is said 4:20. stunned out my ass","","","",""
"894980136877076481","","","2017-08-08 17:54:27 +0000","<a href=""http://twitter.com/download/android"" rel=""nofollow"">Twitter for Android</a>","Technology amplifies","","","",""
"894570830075711489","","","2017-08-07 14:48:00 +0000","<a href=""http://twitter.com/download/android"" rel=""nofollow"">Twitter for Android</a>","3 Steps 2 Research:
1. KNOW UR BELIEF 
2. find the evidence for it
3. Unshakable, beautiful, courage, ect.","","","",""
"894431639954182145","","","2017-08-07 05:34:55 +0000","<a href=""http://twitter.com/download/android"" rel=""nofollow"">Twitter for Android</a>","*me trying to be creative* uhh... cheese! And u... run it over w/ roller blades, and then uh.. knit it into a sweater! Cheese sweater! gold","","","",""
"894391430164164608","","","2017-08-07 02:55:08 +0000","<a href=""http://twitter.com"" rel=""nofollow"">Twitter Web Client</a>","im gonna Laplace myself out a window","","","",""
"894313517813288960","","","2017-08-06 21:45:32 +0000","<a href=""http://twitter.com"" rel=""nofollow"">Twitter Web Client</a>","holding yourself together, what a redumbculous demand","","","",""
"894042305543405569","893964439204106240","289853473","2017-08-06 03:47:50 +0000","<a href=""http://twitter.com/download/android"" rel=""nofollow"">Twitter for Android</a>","@billwurtz hey it's me, the black market. we've got unholy water as well","","","",""
"893931028875808769","","","2017-08-05 20:25:40 +0000","<a href=""http://twitter.com/download/android"" rel=""nofollow"">Twitter for Android</a>","I just need to get everyone who has ever met me into one room and have them explain myself to me","","","",""
"893016048408113152","","","2017-08-03 07:49:52 +0000","<a href=""http://twitter.com/download/android"" rel=""nofollow"">Twitter for Android</a>","a clock face came torwards me and its big hand slapped my ass","","","",""
"893012856773513217","","","2017-08-03 07:37:11 +0000","<a href=""http://twitter.com/download/android"" rel=""nofollow"">Twitter for Android</a>","This summer, one person must always be in a  time zone where it is 12-1am! or they'll die! most places are closed! Everyone's in bed! Pg-13","","","",""
"893010107830874112","","","2017-08-03 07:26:15 +0000","<a href=""http://twitter.com/download/android"" rel=""nofollow"">Twitter for Android</a>","a crime from the future: ""Cocooning""","","","",""
"893009358505873408","","","2017-08-03 07:23:17 +0000","<a href=""http://twitter.com/download/android"" rel=""nofollow"">Twitter for Android</a>","your ass is *looks down, squints, adjusts glasses* ....grass!?","","","",""
"893006595348717568","","","2017-08-03 07:12:18 +0000","<a href=""http://twitter.com/download/android"" rel=""nofollow"">Twitter for Android</a>","Wearing yourself in is in","","","",""
"892990717265661952","","","2017-08-03 06:09:12 +0000","<a href=""http://twitter.com"" rel=""nofollow"">Twitter Web Client</a>","RT @billwurtz: no followers, feelin awesome","455164059449831424","289853473","2014-04-13 02:02:22 +0000",""
"892445888135794689","","","2017-08-01 18:04:15 +0000","<a href=""http://twitter.com/download/android"" rel=""nofollow"">Twitter for Android</a>","we do a pretty slim slither of all that is possible","","","",""
"892422165013909505","","","2017-08-01 16:29:59 +0000","<a href=""http://twitter.com/download/android"" rel=""nofollow"">Twitter for Android</a>","We can't just have a controversy we have to have a figure to go with it","","","",""
"892271082538979329","","","2017-08-01 06:29:38 +0000","<a href=""http://twitter.com/download/android"" rel=""nofollow"">Twitter for Android</a>","see the world like a cricket and re-explore some familiar ground","","","",""
"892269373808930816","","","2017-08-01 06:22:50 +0000","<a href=""http://twitter.com/download/android"" rel=""nofollow"">Twitter for Android</a>","bbbbbbbbbbbbbbfbbbbbbbbbbbbbbbbbbbbbbbbbbbbbbbbbbbbbbbbbbbbbbbbbbbbbbbbbbbubbbbbbbbbbbbbbbbbbbbbbbbbbbbbbbbbbbbbbbbbbbbbcbbbbbbbbbbbbbbkbbbb","","","",""
"891852183993495553","","","2017-07-31 02:45:05 +0000","<a href=""http://twitter.com/download/android"" rel=""nofollow"">Twitter for Android</a>","99% shared DNA but a 100 billion neuron difference","","","",""
"891504468386349056","","","2017-07-30 03:43:23 +0000","<a href=""http://twitter.com/download/android"" rel=""nofollow"">Twitter for Android</a>","my hot productivity tip is to make a new home out of whiteboard","","","",""
"891498095921573892","","","2017-07-30 03:18:03 +0000","<a href=""https://mobile.twitter.com"" rel=""nofollow"">Twitter Lite</a>","you can change minds onlineds","","","",""
"891186435805630466","","","2017-07-29 06:39:38 +0000","<a href=""http://twitter.com/download/android"" rel=""nofollow"">Twitter for Android</a>","thick on click","","","",""
"891177607152140290","","","2017-07-29 06:04:33 +0000","<a href=""http://twitter.com/download/android"" rel=""nofollow"">Twitter for Android</a>","I'll feed your back if you feed mine","","","",""
"891171664658128896","","","2017-07-29 05:40:56 +0000","<a href=""http://twitter.com/download/android"" rel=""nofollow"">Twitter for Android</a>","new twitter rule is that if you own someone you get their followers","","","",""
"891169426866937858","","","2017-07-29 05:32:03 +0000","<a href=""http://twitter.com/download/android"" rel=""nofollow"">Twitter for Android</a>","people stop going to church, so what do they do? people need religion right? pay ppl to come. that's when I'll make my fortune","","","",""
"891079855898599424","","","2017-07-28 23:36:07 +0000","<a href=""http://twitter.com/download/android"" rel=""nofollow"">Twitter for Android</a>","At the intersection of cool concepts and strange words: ryhthm","","","",""
"890996139050373121","","","2017-07-28 18:03:28 +0000","<a href=""http://twitter.com/download/android"" rel=""nofollow"">Twitter for Android</a>","Time to get this boat sloshing","","","",""
"890958066358915079","","","2017-07-28 15:32:10 +0000","<a href=""http://twitter.com/download/android"" rel=""nofollow"">Twitter for Android</a>","pretty sure evangicals tried to lure me into a jesus sales pitch by asking me to join them in smashing apples","","","",""
"890856217337368576","","","2017-07-28 08:47:28 +0000","<a href=""http://twitter.com/download/android"" rel=""nofollow"">Twitter for Android</a>","everyday i scratch the wall in the same place to see if i can make any progress in this world","","","",""
"890851424040517632","","","2017-07-28 08:28:25 +0000","<a href=""http://twitter.com/download/android"" rel=""nofollow"">Twitter for Android</a>","soon we'll farm bees from honey","","","",""
"889626146484178945","","","2017-07-24 23:19:36 +0000","<a href=""http://twitter.com"" rel=""nofollow"">Twitter Web Client</a>","only listening to music with Yoshi samples from now on","","","",""
"889200151365120000","","","2017-07-23 19:06:51 +0000","<a href=""http://twitter.com/download/android"" rel=""nofollow"">Twitter for Android</a>","Time is money. And I need time to spend money. So I need money for money. It's money all the way down.","","","",""
"889007743096561664","","","2017-07-23 06:22:17 +0000","<a href=""http://twitter.com/download/android"" rel=""nofollow"">Twitter for Android</a>","Just really intellectually horny rn","","","",""
"888952079070441472","","","2017-07-23 02:41:06 +0000","<a href=""http://twitter.com/download/android"" rel=""nofollow"">Twitter for Android</a>","my head is up my ass
but it's also in the clouds
eragon, I'm going to heaven","","","",""
"888949985504624640","","","2017-07-23 02:32:47 +0000","<a href=""http://twitter.com/download/android"" rel=""nofollow"">Twitter for Android</a>","where is my participation trophy wife?","","","",""
"888518036835229697","","","2017-07-21 21:56:22 +0000","<a href=""http://twitter.com"" rel=""nofollow"">Twitter Web Client</a>","ma in ten an ce","","","",""
"888175407962488832","","","2017-07-20 23:14:53 +0000","<a href=""http://twitter.com/download/android"" rel=""nofollow"">Twitter for Android</a>","getting married seems embarrassing","","","",""
"887932964939722752","","","2017-07-20 07:11:30 +0000","<a href=""http://twitter.com/download/android"" rel=""nofollow"">Twitter for Android</a>","the dirty corner booth at mcdonalds still does it","","","",""
"887932375518281728","","","2017-07-20 07:09:09 +0000","<a href=""http://twitter.com/download/android"" rel=""nofollow"">Twitter for Android</a>","go on and howdy on down the highway","","","",""
"887931141797314560","","","2017-07-20 07:04:15 +0000","<a href=""http://twitter.com/download/android"" rel=""nofollow"">Twitter for Android</a>","ocean mist and the taste of Cookie Crisp","","","",""
"887930559711907840","","","2017-07-20 07:01:57 +0000","<a href=""http://twitter.com/download/android"" rel=""nofollow"">Twitter for Android</a>","The thing about having more people to talk to is that you start to forget who says what","","","",""
"887930350525186048","","","2017-07-20 07:01:07 +0000","<a href=""http://twitter.com/download/android"" rel=""nofollow"">Twitter for Android</a>","ultra light beans","","","",""
"887870768280879104","","","2017-07-20 03:04:21 +0000","<a href=""http://twitter.com"" rel=""nofollow"">Twitter Web Client</a>","con veni ent
noc envi ten","","","",""
"887484965067378688","","","2017-07-19 01:31:19 +0000","<a href=""http://twitter.com/download/android"" rel=""nofollow"">Twitter for Android</a>","idk maybe i'll quit memes for awhile, go All Whole a bit and slap chillies down cherry street","","","",""
"885518407646498821","","","2017-07-13 15:16:55 +0000","<a href=""http://twitter.com/download/android"" rel=""nofollow"">Twitter for Android</a>","Eggs are kind of discrete, which is nice","","","",""
"884634228947902465","","","2017-07-11 04:43:30 +0000","<a href=""http://twitter.com/download/android"" rel=""nofollow"">Twitter for Android</a>","Is Economics A Useful Model Of The Real World","","","",""
"884526833194106880","","","2017-07-10 21:36:45 +0000","<a href=""http://twitter.com/download/android"" rel=""nofollow"">Twitter for Android</a>","bee king butt width bear car splash demons","","","",""
"884516080949055488","","","2017-07-10 20:54:01 +0000","<a href=""http://twitter.com/download/android"" rel=""nofollow"">Twitter for Android</a>","sneak into factory at night, turn the whole thing on, film everything like How It's Made, burn the place down and hold the tapes ransom","","","",""
"884268147704049664","","","2017-07-10 04:28:49 +0000","<a href=""http://twitter.com/download/android"" rel=""nofollow"">Twitter for Android</a>","we've got a flawed system, let's make it bigger","","","",""
"884027103091597312","","","2017-07-09 12:31:00 +0000","<a href=""http://twitter.com"" rel=""nofollow"">Twitter Web Client</a>","how much Hip Drive do I need to get my ass into High Tide?????","","","",""
"884020178874454016","","","2017-07-09 12:03:29 +0000","<a href=""http://twitter.com"" rel=""nofollow"">Twitter Web Client</a>","i went sand surfing in my mini fridge after it stopped cooling my collection of dead bees","","","",""
"884017872636399618","","","2017-07-09 11:54:19 +0000","<a href=""http://twitter.com"" rel=""nofollow"">Twitter Web Client</a>","all dogs are clones of each other. They just have different haircuts","","","",""
"884012284816887808","","","2017-07-09 11:32:07 +0000","<a href=""http://twitter.com"" rel=""nofollow"">Twitter Web Client</a>","There are just these wonderful, tiny scenes in nature that too often go unnoticed.","","","",""
"884011959489888257","","","2017-07-09 11:30:49 +0000","<a href=""http://twitter.com"" rel=""nofollow"">Twitter Web Client</a>","not enough cyber stalking and guilt","","","",""
"884010705766297600","","","2017-07-09 11:25:51 +0000","<a href=""http://twitter.com"" rel=""nofollow"">Twitter Web Client</a>","It is said among my people that the Echinoderms are made in God's image.","","","",""
"884008452955279365","","","2017-07-09 11:16:53 +0000","<a href=""http://twitter.com"" rel=""nofollow"">Twitter Web Client</a>","dreaming of garbage https://t.co/JgtFfPw1c0","","","","http://www.auntyflo.com/dream-dictionary/garbage"
"884005211915902976","","","2017-07-09 11:04:01 +0000","<a href=""http://twitter.com"" rel=""nofollow"">Twitter Web Client</a>","researchers remind participants they are fucking loser dipshits","","","",""
"884005102092210176","","","2017-07-09 11:03:35 +0000","<a href=""http://twitter.com"" rel=""nofollow"">Twitter Web Client</a>","in mid school a friend offered 2 tell who had a crush on me and I said nope and almost got away with it but found out in hs and I hate myslf","","","",""
"883417780158115841","","","2017-07-07 20:09:46 +0000","<a href=""http://twitter.com/download/android"" rel=""nofollow"">Twitter for Android</a>","On your last bench rep a tonsil stone shoots out of you and into the mouth of your spotter","","","",""
"883152828830765056","","","2017-07-07 02:36:57 +0000","<a href=""http://twitter.com/download/android"" rel=""nofollow"">Twitter for Android</a>","if anyone perceives any of my thoughts I'll die","","","",""
"882970266829238272","","","2017-07-06 14:31:31 +0000","<a href=""http://twitter.com/download/android"" rel=""nofollow"">Twitter for Android</a>","doing some academic research on Beast Mode","","","",""
"881748739689414656","","","2017-07-03 05:37:36 +0000","<a href=""http://twitter.com/download/android"" rel=""nofollow"">Twitter for Android</a>","you're like me to a child","","","",""
"881747471801692162","","","2017-07-03 05:32:34 +0000","<a href=""http://twitter.com/download/android"" rel=""nofollow"">Twitter for Android</a>","It's all about the ladies
https://t.co/VwVKuWsnbJ https://t.co/QPPdZYkpmR","","","","http://www.billwurtz.com/the%20ladies.mp3,https://twitter.com/atp_man/status/881747471801692162/photo/1"
"881718089825570816","","","2017-07-03 03:35:48 +0000","<a href=""http://twitter.com/download/android"" rel=""nofollow"">Twitter for Android</a>","one curve behind the step","","","",""
"880664446183645185","","","2017-06-30 05:49:00 +0000","<a href=""http://twitter.com/download/android"" rel=""nofollow"">Twitter for Android</a>","look at nature and ask yourself what's possible","","","",""
"880261498337189889","","","2017-06-29 03:07:50 +0000","<a href=""http://twitter.com/download/android"" rel=""nofollow"">Twitter for Android</a>","xXx-engINeerTJ_420IQ-xXx","","","",""
"880257270268952577","","","2017-06-29 02:51:02 +0000","<a href=""http://twitter.com/download/android"" rel=""nofollow"">Twitter for Android</a>","watch out for homogeneity","","","",""
"878835724610654208","","","2017-06-25 04:42:19 +0000","<a href=""http://twitter.com/download/android"" rel=""nofollow"">Twitter for Android</a>","wish I was popular enough to have toxic people to kick out of my life","","","",""
"878708219119587328","","","2017-06-24 20:15:39 +0000","<a href=""http://twitter.com/download/android"" rel=""nofollow"">Twitter for Android</a>","where was the SAT for social skills","","","",""
"878452086530297860","","","2017-06-24 03:17:52 +0000","<a href=""http://twitter.com/download/android"" rel=""nofollow"">Twitter for Android</a>","going to","","","",""
"878056121843331072","","","2017-06-23 01:04:27 +0000","<a href=""http://twitter.com/download/android"" rel=""nofollow"">Twitter for Android</a>","You're tied to the train track and right before it hits the moment lasts forever","","","",""
"877758566454542337","","","2017-06-22 05:22:04 +0000","<a href=""http://twitter.com/download/android"" rel=""nofollow"">Twitter for Android</a>","squat in socks","","","",""
"877735932572581888","","","2017-06-22 03:52:08 +0000","<a href=""http://twitter.com/download/android"" rel=""nofollow"">Twitter for Android</a>","i am the stoic master of emotions notjing can shake me i give the cold shoulder and never laugh smiling is for weaksters i do my own stunts","","","",""
"877349596107689985","","","2017-06-21 02:16:58 +0000","<a href=""http://twitter.com/download/android"" rel=""nofollow"">Twitter for Android</a>","gonna name my kid 'George Washington' and pressure him/her to be great enough to make everyone forget the original","","","",""
"876601162845343744","","","2017-06-19 00:42:58 +0000","<a href=""http://twitter.com/download/android"" rel=""nofollow"">Twitter for Android</a>","going to solve plumbing by inventing a analog-to-digital converter for toilets","","","",""
"876522325226770434","","","2017-06-18 19:29:41 +0000","<a href=""http://twitter.com/download/android"" rel=""nofollow"">Twitter for Android</a>","people do not think of you as much as you think people do not think of you as much as you think people do not think of you as much as you th","","","",""
"876510076969857024","","","2017-06-18 18:41:01 +0000","<a href=""http://twitter.com/download/android"" rel=""nofollow"">Twitter for Android</a>","A good experiment would be to remove government from a state to turn it into a lawless frontier","","","",""
"874846619614810112","","","2017-06-14 04:31:02 +0000","<a href=""http://twitter.com/download/android"" rel=""nofollow"">Twitter for Android</a>","do you think at any point in the history of this world a butterfly and a moth tried to fuck","","","",""
"874846163060621312","","","2017-06-14 04:29:13 +0000","<a href=""http://twitter.com/download/android"" rel=""nofollow"">Twitter for Android</a>","I'll take you under my wing cept I'm a cockroach so it's really gross","","","",""
"874845615913566209","","","2017-06-14 04:27:03 +0000","<a href=""http://twitter.com/download/android"" rel=""nofollow"">Twitter for Android</a>","replace the carpet with a grate, move the ceiling fan under the grate. now cool air is flipped, cooler","","","",""
"874844553735524356","","","2017-06-14 04:22:50 +0000","<a href=""http://twitter.com/download/android"" rel=""nofollow"">Twitter for Android</a>","should of went crazy by now, overdue for a swift kick in the ass","","","",""
"874836606028570626","","","2017-06-14 03:51:15 +0000","<a href=""http://twitter.com/download/android"" rel=""nofollow"">Twitter for Android</a>","DIY floor lamp jousting hack","","","",""
"874836221511565312","","","2017-06-14 03:49:43 +0000","<a href=""http://twitter.com/download/android"" rel=""nofollow"">Twitter for Android</a>","your fate if you greif my minecraft server https://t.co/qSyjk2bVI6","","","","https://twitter.com/atp_man/status/874836221511565312/photo/1"
"874831250976124929","","","2017-06-14 03:29:58 +0000","<a href=""http://twitter.com/download/android"" rel=""nofollow"">Twitter for Android</a>","don't adapt","","","",""
"874452055003463681","","","2017-06-13 02:23:11 +0000","<a href=""http://twitter.com/download/android"" rel=""nofollow"">Twitter for Android</a>","they will stop minding you, just stop minding them","","","",""
"874110209630892032","","","2017-06-12 03:44:48 +0000","<a href=""http://twitter.com/download/android"" rel=""nofollow"">Twitter for Android</a>","if it was a snake it would of asked you to please step away you are making me uncomfortable","","","",""
"874106862333034496","","","2017-06-12 03:31:30 +0000","<a href=""http://twitter.com/download/android"" rel=""nofollow"">Twitter for Android</a>","think I'd like to die on a sunny day in a small sail boat on the Pacific","","","",""
"873443029851533312","","","2017-06-10 07:33:40 +0000","<a href=""http://twitter.com/download/android"" rel=""nofollow"">Twitter for Android</a>","summer is for feeding your ego","","","",""
"870870094791954433","","","2017-06-03 05:09:45 +0000","<a href=""http://twitter.com/download/android"" rel=""nofollow"">Twitter for Android</a>","ur swimming in a kelp forest with sea otters, it's chill af, a sea nymph seduces you in a coral bed, you swallow shark teeth and melt","","","",""
"870448609581346816","","","2017-06-02 01:14:55 +0000","<a href=""http://twitter.com/download/android"" rel=""nofollow"">Twitter for Android</a>","Working out can light a fire in you, If you can trick yourself enough times to do it","","","",""
"868376330127233024","","","2017-05-27 08:00:25 +0000","<a href=""http://twitter.com/download/android"" rel=""nofollow"">Twitter for Android</a>","squirting shampoo bottle asmr","","","",""
"868376160849334276","","","2017-05-27 07:59:45 +0000","<a href=""http://twitter.com/download/android"" rel=""nofollow"">Twitter for Android</a>","need a bidet to clean the shit out of my life","","","",""
"868370685625864192","","","2017-05-27 07:37:59 +0000","<a href=""http://twitter.com/download/android"" rel=""nofollow"">Twitter for Android</a>","Marry Fuck Kill: Marriage, sex, murder","","","",""
"868369897620987904","","","2017-05-27 07:34:51 +0000","<a href=""http://twitter.com/download/android"" rel=""nofollow"">Twitter for Android</a>","contact lens solution: not just for eyes","","","",""
"868364880084127744","","","2017-05-27 07:14:55 +0000","<a href=""http://twitter.com/download/android"" rel=""nofollow"">Twitter for Android</a>","heard you would ram your head into ram herd horns","","","",""
"868363882233987073","","","2017-05-27 07:10:57 +0000","<a href=""http://twitter.com/download/android"" rel=""nofollow"">Twitter for Android</a>","have you ever like REALLY imagined yourself on a cloud, like for REAL, and how peaceful that would be like holy holly","","","",""
"868361864450912256","","","2017-05-27 07:02:56 +0000","<a href=""http://twitter.com/download/android"" rel=""nofollow"">Twitter for Android</a>","Marry Fuck Kill: 1 George Washington, 2 George Washingtons, 3 George Washingtons","","","",""
"868360683271991298","","","2017-05-27 06:58:14 +0000","<a href=""http://twitter.com/download/android"" rel=""nofollow"">Twitter for Android</a>","eat your vitamins ya good get the grits boom ya juggle the water ja keesh into one of the holes a dpongd gar","","","",""
"868355853447041025","","","2017-05-27 06:39:03 +0000","<a href=""http://twitter.com"" rel=""nofollow"">Twitter Web Client</a>","my church poster idea, jesus in the nude with perfectly toasted marshmallow skin, says ""slide into heavven like!!!""","","","",""
"868354431443771393","","","2017-05-27 06:33:24 +0000","<a href=""http://twitter.com"" rel=""nofollow"">Twitter Web Client</a>","i have several several cares in the world, all around actually.","","","",""
"868353683276390400","","","2017-05-27 06:30:25 +0000","<a href=""http://twitter.com"" rel=""nofollow"">Twitter Web Client</a>","your picture's in my wallet and i'm going to dolphin city","","","",""
"868352710436954112","","","2017-05-27 06:26:34 +0000","<a href=""http://twitter.com"" rel=""nofollow"">Twitter Web Client</a>","sprinkle my ashes on your succulents","","","",""
"868351473746423808","","","2017-05-27 06:21:39 +0000","<a href=""http://twitter.com"" rel=""nofollow"">Twitter Web Client</a>","gonna grow some plants in my car","","","",""
"868314054447837185","","","2017-05-27 03:52:57 +0000","<a href=""http://twitter.com"" rel=""nofollow"">Twitter Web Client</a>","space angst","","","",""
"867442335839383554","","","2017-05-24 18:09:03 +0000","<a href=""http://twitter.com"" rel=""nofollow"">Twitter Web Client</a>","There are so many unexpected, positive things that can happen. Don't just focus on worst case scenarios.","","","",""
"867256209065299968","","","2017-05-24 05:49:27 +0000","<a href=""http://twitter.com/download/android"" rel=""nofollow"">Twitter for Android</a>","clueless cliff","","","",""
"862910470843494401","","","2017-05-12 06:01:03 +0000","<a href=""http://twitter.com"" rel=""nofollow"">Twitter Web Client</a>","groups of 200 are the perfect size to diffuse the awkwardness","","","",""
"862908999938736132","","","2017-05-12 05:55:12 +0000","<a href=""http://twitter.com"" rel=""nofollow"">Twitter Web Client</a>","your ideas are weak brah","","","",""
"862888971751366656","","","2017-05-12 04:35:37 +0000","<a href=""http://twitter.com"" rel=""nofollow"">Twitter Web Client</a>","haha whoa wow look at me im so cynical and woke","","","",""
"862367703281139722","758685486877593600","2937791672","2017-05-10 18:04:17 +0000","<a href=""http://twitter.com"" rel=""nofollow"">Twitter Web Client</a>","big if true","","","",""
"861815997107494912","","","2017-05-09 05:32:00 +0000","<a href=""http://twitter.com/download/android"" rel=""nofollow"">Twitter for Android</a>","like oh fuck i can't adapt","","","",""
"861334388625350656","","","2017-05-07 21:38:15 +0000","<a href=""http://twitter.com/download/android"" rel=""nofollow"">Twitter for Android</a>","University Email Tower Defense is my favorite video game","","","",""
"860849647560126466","","","2017-05-06 13:32:04 +0000","<a href=""http://twitter.com/download/android"" rel=""nofollow"">Twitter for Android</a>","let's find a mountain trail to lose our breathes on","","","",""
"860848274714099712","","","2017-05-06 13:26:37 +0000","<a href=""http://twitter.com/download/android"" rel=""nofollow"">Twitter for Android</a>","i can feel the slip of this slope already","","","",""
"859968522453213184","","","2017-05-04 03:10:47 +0000","<a href=""http://twitter.com/download/android"" rel=""nofollow"">Twitter for Android</a>","yazz me bitch","","","",""
"856005846131589124","","","2017-04-23 04:44:32 +0000","<a href=""http://twitter.com/download/iphone"" rel=""nofollow"">Twitter for iPhone</a>","I put the nered in mild mannered","","","",""
"856005619064741888","","","2017-04-23 04:43:38 +0000","<a href=""http://twitter.com/download/iphone"" rel=""nofollow"">Twitter for iPhone</a>","Do you prefer mild, medium, or spicy mannered?","","","",""
"856005190645927936","","","2017-04-23 04:41:55 +0000","<a href=""http://twitter.com/download/iphone"" rel=""nofollow"">Twitter for iPhone</a>","got a prize for being the best at being normal","","","",""
"852713204019015680","","","2017-04-14 02:40:45 +0000","<a href=""http://twitter.com/download/iphone"" rel=""nofollow"">Twitter for iPhone</a>","Why should I even bother talking when brilliant people have already had all my thoughts and written them down in elegant ways","","","",""
"850470011210780676","","","2017-04-07 22:07:06 +0000","<a href=""http://twitter.com"" rel=""nofollow"">Twitter Web Client</a>","You know what they say! If you can't beat them, beat yourself.","","","",""
"848758711434739712","","","2017-04-03 04:47:00 +0000","<a href=""http://twitter.com/download/android"" rel=""nofollow"">Twitter for Android</a>","My skeleton is probably sexier than I am.","","","",""
"848566153333133312","","","2017-04-02 16:01:51 +0000","<a href=""http://twitter.com/download/android"" rel=""nofollow"">Twitter for Android</a>","Yes hello I would like to apply to your university as a refugee, my current one sucks ass","","","",""
"848367965032656897","","","2017-04-02 02:54:19 +0000","<a href=""http://twitter.com/download/android"" rel=""nofollow"">Twitter for Android</a>","They put jadon.bourne and good will hntinf guy same people different mpvirsm? Etf","","","",""
"848130392930607104","","","2017-04-01 11:10:17 +0000","<a href=""http://twitter.com/download/android"" rel=""nofollow"">Twitter for Android</a>","""Do what you want to.""","","","",""
"847342094586753025","","","2017-03-30 06:57:52 +0000","<a href=""https://mobile.twitter.com"" rel=""nofollow"">Twitter Lite</a>","They don't call me AHHHHHHHHHHHHHHHHstin for nothing!","","","",""
"846370701477122048","","","2017-03-27 14:37:54 +0000","<a href=""http://twitter.com"" rel=""nofollow"">Twitter Web Client</a>","guess I'm hitting peak whiteness (!)","","","",""
"846194920671055872","","","2017-03-27 02:59:25 +0000","<a href=""http://twitter.com"" rel=""nofollow"">Twitter Web Client</a>","STEM education is trash in this country, they don't teach one thing about the first scientists to stick magnets up their asses","","","",""
"846191866248925185","","","2017-03-27 02:47:17 +0000","<a href=""http://twitter.com"" rel=""nofollow"">Twitter Web Client</a>","a human scale isn't cutting it anymore","","","",""
"846182004542574592","","","2017-03-27 02:08:05 +0000","<a href=""http://twitter.com"" rel=""nofollow"">Twitter Web Client</a>","we get it you vaporwave","","","",""
"846178607911317504","","","2017-03-27 01:54:36 +0000","<a href=""http://twitter.com"" rel=""nofollow"">Twitter Web Client</a>","all that tuition and I can't even check out a room to scream in and throw myself against the walls","","","",""
"846162544020639745","","","2017-03-27 00:50:46 +0000","<a href=""http://twitter.com/download/android"" rel=""nofollow"">Twitter for Android</a>","gargling dr pepper asmr","","","",""
"846159606715944960","","","2017-03-27 00:39:05 +0000","<a href=""http://twitter.com/download/android"" rel=""nofollow"">Twitter for Android</a>","Maybe one day I could get a car with a color I like","","","",""
"845670837294370819","","","2017-03-25 16:16:54 +0000","<a href=""http://twitter.com/download/android"" rel=""nofollow"">Twitter for Android</a>","It's normal to not want normal","","","",""
"845426204509421570","","","2017-03-25 00:04:49 +0000","<a href=""http://twitter.com/download/android"" rel=""nofollow"">Twitter for Android</a>","What the hell would happen to a tree in space?????????????!???","","","",""
"843538490709229569","","","2017-03-19 19:03:43 +0000","<a href=""http://twitter.com/download/android"" rel=""nofollow"">Twitter for Android</a>","coming out as misanthropic","","","",""
"841363673142697985","","","2017-03-13 19:01:46 +0000","<a href=""http://twitter.com/download/android"" rel=""nofollow"">Twitter for Android</a>","Concept: quit corporate slave job after ten years, buy some cheap land in the middle of nowhere, become shrimp farmer","","","",""
"841346218584342528","","","2017-03-13 17:52:24 +0000","<a href=""http://twitter.com/download/android"" rel=""nofollow"">Twitter for Android</a>","#mondaymotivation #nationalnappingday","","","",""
"841342617837293568","","","2017-03-13 17:38:06 +0000","<a href=""http://twitter.com/download/android"" rel=""nofollow"">Twitter for Android</a>","I mean the possibilities are endless, but I guess I should just focus on what I know right now.","","","",""
"840672877213077504","","","2017-03-11 21:16:47 +0000","<a href=""http://twitter.com/download/android"" rel=""nofollow"">Twitter for Android</a>","There's a thought floating around that I would like to go crazy, for real, as a way of giving up.","","","",""
"840313711499870208","","","2017-03-10 21:29:35 +0000","<a href=""http://twitter.com/download/android"" rel=""nofollow"">Twitter for Android</a>","Hey man I get it like this it's like... you do what you can and then you die you know?","","","",""
"840000424014942209","","","2017-03-10 00:44:42 +0000","<a href=""http://twitter.com/download/android"" rel=""nofollow"">Twitter for Android</a>","can i get extra time on my tests for being socially impaired","","","",""
"839721759167381504","","","2017-03-09 06:17:23 +0000","<a href=""http://twitter.com/download/android"" rel=""nofollow"">Twitter for Android</a>","I set a puzzle on my alarm to help wake me up, it's called ""Graduate On Time You Fucking Idiot""","","","",""
"838799813219086336","","15492359","2017-03-06 17:13:54 +0000","<a href=""http://twitter.com/download/android"" rel=""nofollow"">Twitter for Android</a>","@TEDTalks has someone given a Ted Talk while eating? If not I've got an idea for you...","","","",""
"838611710600675328","","","2017-03-06 04:46:27 +0000","<a href=""http://twitter.com/download/android"" rel=""nofollow"">Twitter for Android</a>","can anyone tell me what I am","","","",""
"835266333831016449","","","2017-02-24 23:13:07 +0000","<a href=""http://twitter.com/download/android"" rel=""nofollow"">Twitter for Android</a>","Life, ourselves, and our creations are all in nature. Think about all we can do, all the possibilities.","","","",""
"834926177487814656","","","2017-02-24 00:41:27 +0000","<a href=""http://twitter.com/download/android"" rel=""nofollow"">Twitter for Android</a>","I've got it guys let's split the government into two so that people get to choose the one with laws they like","","","",""
"834278106001244160","","","2017-02-22 05:46:15 +0000","<a href=""http://twitter.com/download/android"" rel=""nofollow"">Twitter for Android</a>","pop my stack knowatimsayin","","","",""
"834203327521050625","","","2017-02-22 00:49:06 +0000","<a href=""http://twitter.com/download/android"" rel=""nofollow"">Twitter for Android</a>","My mom texts me to asks me how my plants are doing if that tells you anything about me","","","",""
"833538526205603840","","","2017-02-20 04:47:25 +0000","<a href=""http://twitter.com/download/android"" rel=""nofollow"">Twitter for Android</a>","""bunch of gold star grubbing super achievers""
-me, a gold star grubbing super failure","","","",""
"832830636633227265","","","2017-02-18 05:54:31 +0000","<a href=""http://twitter.com/download/android"" rel=""nofollow"">Twitter for Android</a>","the world is experiencing Information Age sickness, please stand by","","","",""
"832515772408807424","","","2017-02-17 09:03:22 +0000","<a href=""http://twitter.com/download/android"" rel=""nofollow"">Twitter for Android</a>","back in my day there was no google, we had to grab the DSM off the shelf if we wanted to self-diagnose mental disorders and feel alienated","","","",""
"832383797064790021","","","2017-02-17 00:18:56 +0000","<a href=""http://twitter.com/download/android"" rel=""nofollow"">Twitter for Android</a>","111 tweets
0 followers

nice","","","",""
"832381639544147971","","","2017-02-17 00:10:22 +0000","<a href=""http://twitter.com/download/android"" rel=""nofollow"">Twitter for Android</a>","the chemotherapy animal testing lab has everything I need for my Remy cosplay","","","",""
"832380805712338944","","","2017-02-17 00:07:03 +0000","<a href=""http://twitter.com/download/android"" rel=""nofollow"">Twitter for Android</a>","Today I remembered I'm a grown ass man so I went to the store, bought a cake, and threw the whole thing away","","","",""
"830942161231306753","766311751298101248","2937791672","2017-02-13 00:50:24 +0000","<a href=""http://twitter.com/download/android"" rel=""nofollow"">Twitter for Android</a>","@atp_man maybe some complications with this","","","",""
"830633300842672129","","","2017-02-12 04:23:05 +0000","<a href=""http://twitter.com/download/android"" rel=""nofollow"">Twitter for Android</a>","There are 16 Myers-Briggs personality types, I guess they forgot about the other 6,999,999,984 ones","","","",""
"828971655191998464","","","2017-02-07 14:20:18 +0000","<a href=""https://mobile.twitter.com"" rel=""nofollow"">Twitter Lite</a>","let's have a conversation fuck","","","",""
"828457832597053440","","","2017-02-06 04:18:33 +0000","<a href=""http://twitter.com/download/android"" rel=""nofollow"">Twitter for Android</a>","don't trust people who are certain","","","",""
"828455815166226432","","","2017-02-06 04:10:32 +0000","<a href=""http://twitter.com/download/android"" rel=""nofollow"">Twitter for Android</a>","myosatellite cells are going to build a  muscle and i'm going to pay for it","","","",""
"828341636279173120","","","2017-02-05 20:36:50 +0000","<a href=""http://twitter.com/download/android"" rel=""nofollow"">Twitter for Android</a>","scenario planning my life is great, so far i've got:
millionaire
hermit
millionaire hermit
dead","","","",""
"827737080319115264","","","2017-02-04 04:34:33 +0000","<a href=""http://twitter.com/download/android"" rel=""nofollow"">Twitter for Android</a>","You say ""social anxiety"", I say ""really fucking good at avoiding strangers""","","","",""
"820502602781757440","","","2017-01-15 05:27:19 +0000","<a href=""http://twitter.com/download/android"" rel=""nofollow"">Twitter for Android</a>","Side 1 leader says shit
Side 2 says boo to that
Side 1 unites to boo back","","","",""
"820024783127592960","","","2017-01-13 21:48:38 +0000","<a href=""http://twitter.com"" rel=""nofollow"">Twitter Web Client</a>","The children must watch their father use the family heirloom shovel to put down a raccoon injured by the dog.","","","",""
"820019048675151872","","","2017-01-13 21:25:51 +0000","<a href=""http://twitter.com"" rel=""nofollow"">Twitter Web Client</a>","How Not To Be Adaptable by Old Fucks","","","",""
"820017912060739584","","","2017-01-13 21:21:20 +0000","<a href=""http://twitter.com"" rel=""nofollow"">Twitter Web Client</a>","I think only coffee can really motivate me to give a shit about my future and be productive","","","",""
"819765668169908224","","","2017-01-13 04:39:00 +0000","<a href=""http://twitter.com/download/android"" rel=""nofollow"">Twitter for Android</a>","""At least his suitcases were as good as mine.""","","","",""
"819755923958857728","","","2017-01-13 04:00:17 +0000","<a href=""http://twitter.com/download/android"" rel=""nofollow"">Twitter for Android</a>","go ahead and be lost and confused, everything will be alright in the end","","","",""
"768989358107963392","","","2016-08-26 01:52:04 +0000","<a href=""https://mobile.twitter.com"" rel=""nofollow"">Twitter Lite</a>","What if Kanye is the Democratic party's Trump in 2020","","","",""
"767205870233018369","","","2016-08-21 03:45:08 +0000","<a href=""http://twitter.com/download/android"" rel=""nofollow"">Twitter for Android</a>","Peacocks are a good omen. Wasps are not.","","","",""
"767203165687066624","","","2016-08-21 03:34:23 +0000","<a href=""http://twitter.com/download/android"" rel=""nofollow"">Twitter for Android</a>","Early mornings are a great time for me to avoid people my own age and forget I'm hardly real","","","",""
"767065598970834944","","","2016-08-20 18:27:44 +0000","<a href=""http://twitter.com"" rel=""nofollow"">Twitter Web Client</a>","Extinct giant mammals ","","","",""
"766859987222093824","","","2016-08-20 04:50:43 +0000","<a href=""http://twitter.com"" rel=""nofollow"">Twitter Web Client</a>","Hurricane coming...","","","",""
"766311751298101248","","","2016-08-18 16:32:13 +0000","<a href=""http://twitter.com"" rel=""nofollow"">Twitter Web Client</a>","Hard work is just spending a significant time on something consistently.","","","",""
"766101910168428544","","","2016-08-18 02:38:23 +0000","<a href=""http://twitter.com/download/android"" rel=""nofollow"">Twitter for Android</a>","""You can be a loner until the day you die. There is no time limit.""","","","",""
"766068488339329024","","","2016-08-18 00:25:35 +0000","<a href=""http://twitter.com/download/android"" rel=""nofollow"">Twitter for Android</a>","Sex under the stars but it turned out to be one star, the sun, and there were burns","","","",""
"766064577897459712","","","2016-08-18 00:10:02 +0000","<a href=""http://twitter.com/download/android"" rel=""nofollow"">Twitter for Android</a>","lol the best prank by far gotta be that there isn't going to be enough fresh water haha fuckin sick","","","",""
"765652229420228610","","","2016-08-16 20:51:31 +0000","<a href=""http://twitter.com/download/android"" rel=""nofollow"">Twitter for Android</a>","Convince your kids to go into debt for college! Have them depend on you for many more years to come!","","","",""
"765334146147168256","","","2016-08-15 23:47:34 +0000","<a href=""http://twitter.com/download/android"" rel=""nofollow"">Twitter for Android</a>","Love feet veins","","","",""
"765325973914918913","","","2016-08-15 23:15:05 +0000","<a href=""http://twitter.com/download/android"" rel=""nofollow"">Twitter for Android</a>","I fall in and out of a lake of ambition.","","","",""
"763766381246423040","","","2016-08-11 15:57:50 +0000","<a href=""http://twitter.com/download/android"" rel=""nofollow"">Twitter for Android</a>","""Lose your gut in ten days"" sounds like torture.","","","",""
"763592792794763264","","","2016-08-11 04:28:03 +0000","<a href=""http://twitter.com/download/android"" rel=""nofollow"">Twitter for Android</a>","I'd write a sonnet about those big blue IKEA bags if I knew how.","","","",""
"763513295177265152","","","2016-08-10 23:12:09 +0000","<a href=""http://twitter.com"" rel=""nofollow"">Twitter Web Client</a>","Don't know if I am a miserable contrarian or a horse librarian","","","",""
"763497596346257408","","","2016-08-10 22:09:46 +0000","<a href=""http://twitter.com"" rel=""nofollow"">Twitter Web Client</a>","Can we do better than trees?","","","",""
"763029825833492480","","","2016-08-09 15:11:01 +0000","<a href=""http://twitter.com"" rel=""nofollow"">Twitter Web Client</a>","Going from ""oh god I can't do that"" to ""oh ok i  could probably learn how to do that"".","","","",""
"762745929355046912","","","2016-08-08 20:22:55 +0000","<a href=""http://twitter.com/download/android"" rel=""nofollow"">Twitter for Android</a>","There are patterns and rules everywhere you look","","","",""
"761726348226236416","","","2016-08-06 00:51:28 +0000","<a href=""http://twitter.com"" rel=""nofollow"">Twitter Web Client</a>","I can't trust my imagined reality, too often it is wrong.","","","",""
"761707076074602496","","","2016-08-05 23:34:53 +0000","<a href=""http://twitter.com"" rel=""nofollow"">Twitter Web Client</a>","does being old school include communal farming and sun worship","","","",""
"761706478562447360","","","2016-08-05 23:32:30 +0000","<a href=""http://twitter.com"" rel=""nofollow"">Twitter Web Client</a>","want to get into broad framing","","","",""
"761700004838846465","","","2016-08-05 23:06:47 +0000","<a href=""http://twitter.com"" rel=""nofollow"">Twitter Web Client</a>","RT @billwurtz: i forgot when mating season is. how will i know to mate in the right season","761650187865616384","289853473","2016-08-05 19:48:50 +0000",""
"761699303639293953","","","2016-08-05 23:04:00 +0000","<a href=""http://twitter.com"" rel=""nofollow"">Twitter Web Client</a>","I hate myself like I hate mankind
You will never find anyone as awful or as blind","","","",""
"761675288115683328","","","2016-08-05 21:28:34 +0000","<a href=""http://twitter.com"" rel=""nofollow"">Twitter Web Client</a>","everything that comes out my mouth regrets me","","","",""
"761666938875498500","","","2016-08-05 20:55:23 +0000","<a href=""http://twitter.com"" rel=""nofollow"">Twitter Web Client</a>","Would liked to have met the first proto-bat that tried to fly.","","","",""
"761398860967124994","","","2016-08-05 03:10:09 +0000","<a href=""http://twitter.com/download/android"" rel=""nofollow"">Twitter for Android</a>","Sorry pal we can't be friends, you see my mind can't handle deviations of what it expected and deemed you unreal","","","",""
"761393508255084544","","","2016-08-05 02:48:53 +0000","<a href=""http://twitter.com/download/android"" rel=""nofollow"">Twitter for Android</a>","There are no rules but you are not sure how possible your dreams are.","","","",""
"761390286694064128","","","2016-08-05 02:36:04 +0000","<a href=""http://twitter.com/download/android"" rel=""nofollow"">Twitter for Android</a>","Sway train","","","",""
"761373595335430144","","","2016-08-05 01:29:45 +0000","<a href=""http://twitter.com/download/android"" rel=""nofollow"">Twitter for Android</a>","Lets watch thunderstorms","","","",""
"761356821470642176","","","2016-08-05 00:23:06 +0000","<a href=""http://twitter.com"" rel=""nofollow"">Twitter Web Client</a>","Time to go crazy","","","",""
"761105190497824769","","","2016-08-04 07:43:12 +0000","<a href=""http://twitter.com"" rel=""nofollow"">Twitter Web Client</a>","https://t.co/x1YNw5775i","","","","https://en.m.wikipedia.org/wiki/List_of_inventors_killed_by_their_own_inventions"
"761095616772513792","","","2016-08-04 07:05:10 +0000","<a href=""http://twitter.com"" rel=""nofollow"">Twitter Web Client</a>","pre vio us","","","",""
"761072197385367554","","","2016-08-04 05:32:06 +0000","<a href=""http://twitter.com"" rel=""nofollow"">Twitter Web Client</a>","I am not going to have time to do all of this shit","","","",""
"761070134945427456","","","2016-08-04 05:23:54 +0000","<a href=""http://twitter.com"" rel=""nofollow"">Twitter Web Client</a>","dile-ttan-te","","","",""
"761066065212289025","","","2016-08-04 05:07:44 +0000","<a href=""http://twitter.com"" rel=""nofollow"">Twitter Web Client</a>","Somebody has to be serious.","","","",""
"761044850460364804","","","2016-08-04 03:43:26 +0000","<a href=""http://twitter.com"" rel=""nofollow"">Twitter Web Client</a>","I wanna be a stay-at-home scientist","","","",""
"761043074713661444","","","2016-08-04 03:36:23 +0000","<a href=""http://twitter.com"" rel=""nofollow"">Twitter Web Client</a>","Zocrates","","","",""
"760954976399011840","","","2016-08-03 21:46:18 +0000","<a href=""http://twitter.com"" rel=""nofollow"">Twitter Web Client</a>","John Herschel, 1867 photograph by Julia Margaret Cameron https://t.co/WJNsetTZct","","","","https://twitter.com/nitsua96/status/760954976399011840/photo/1"
"760880610260848641","","","2016-08-03 16:50:48 +0000","<a href=""http://twitter.com"" rel=""nofollow"">Twitter Web Client</a>","My sampling rate feels low","","","",""
"760879310588612608","","","2016-08-03 16:45:38 +0000","<a href=""http://twitter.com"" rel=""nofollow"">Twitter Web Client</a>","de cis ions","","","",""
"760875536281317378","","","2016-08-03 16:30:38 +0000","<a href=""http://twitter.com"" rel=""nofollow"">Twitter Web Client</a>","alge bra","","","",""
"760875036295081984","","","2016-08-03 16:28:39 +0000","<a href=""http://twitter.com"" rel=""nofollow"">Twitter Web Client</a>","col one l, co lone l, colo nel, colon el, co lo nel","","","",""
"760873752309616640","","","2016-08-03 16:23:33 +0000","<a href=""http://twitter.com"" rel=""nofollow"">Twitter Web Client</a>","be a uti ful","","","",""
"760873512533762048","","","2016-08-03 16:22:36 +0000","<a href=""http://twitter.com"" rel=""nofollow"">Twitter Web Client</a>","hypo the sis","","","",""
"760871771461394433","","","2016-08-03 16:15:41 +0000","<a href=""http://twitter.com"" rel=""nofollow"">Twitter Web Client</a>","tramp o line","","","",""
"760867912836014080","","","2016-08-03 16:00:21 +0000","<a href=""http://twitter.com"" rel=""nofollow"">Twitter Web Client</a>","Thou sands","","","",""
"760516087905521664","","","2016-08-02 16:42:19 +0000","<a href=""http://twitter.com/download/android"" rel=""nofollow"">Twitter for Android</a>","I'm a quiet guy but most of my favorite experiences have been good conversations","","","",""
"759991394580606976","","","2016-08-01 05:57:23 +0000","<a href=""http://twitter.com/download/android"" rel=""nofollow"">Twitter for Android</a>","Maybe you give the idea away to make it somebody elses problem","","","",""
"759991209989242880","","","2016-08-01 05:56:39 +0000","<a href=""http://twitter.com/download/android"" rel=""nofollow"">Twitter for Android</a>","Or do you take the idea and find it a home where it belongs?","","","",""
"759991023397330948","","","2016-08-01 05:55:54 +0000","<a href=""http://twitter.com/download/android"" rel=""nofollow"">Twitter for Android</a>","So do you just take ideas and twist and turn them until they fit?","","","",""
"759990827057676289","","","2016-08-01 05:55:07 +0000","<a href=""http://twitter.com/download/android"" rel=""nofollow"">Twitter for Android</a>","Talk to myself out of oblivion","","","",""
"759819510463332352","","","2016-07-31 18:34:22 +0000","<a href=""http://twitter.com"" rel=""nofollow"">Twitter Web Client</a>","Always hated the idea of big box pet stores and the whole casual experience they seem to sell when it comes to owning pets","","","",""
"759816657518723072","","","2016-07-31 18:23:02 +0000","<a href=""http://twitter.com"" rel=""nofollow"">Twitter Web Client</a>","lots of people like spontaneity, but only a few know how to kindle it","","","",""
"759792609292189697","","","2016-07-31 16:47:28 +0000","<a href=""http://twitter.com"" rel=""nofollow"">Twitter Web Client</a>","The only thing I want to be high on is vitamin D and B12 ","","","",""
"759603462745096193","","","2016-07-31 04:15:52 +0000","<a href=""http://twitter.com"" rel=""nofollow"">Twitter Web Client</a>","Don't get bogged down, move on and do stuff.","","","",""
"759603181835857920","","","2016-07-31 04:14:45 +0000","<a href=""http://twitter.com"" rel=""nofollow"">Twitter Web Client</a>","Accomplish realistic goals, smile at success.","","","",""
"759488557895421952","","","2016-07-30 20:39:17 +0000","<a href=""http://twitter.com/download/android"" rel=""nofollow"">Twitter for Android</a>","Offbrand Adderall is called Thanatophobiall.","","","",""
"759232657632948224","","","2016-07-30 03:42:26 +0000","<a href=""http://twitter.com/download/android"" rel=""nofollow"">Twitter for Android</a>","Temporary for as long as necessary.","","","",""
"759019894897725446","","","2016-07-29 13:36:59 +0000","<a href=""http://twitter.com/download/android"" rel=""nofollow"">Twitter for Android</a>","Broccoli is beautiful https://t.co/zIG1xA8scA","","","","https://twitter.com/nitsua96/status/759019894897725446/photo/1"
"758873372608516100","","","2016-07-29 03:54:45 +0000","<a href=""http://twitter.com/download/android"" rel=""nofollow"">Twitter for Android</a>","""It is only a slight exaggeration to say that happiness is the experience of spending time with people you love and who love you.""

Fuck","","","",""
"758685486877593600","","","2016-07-28 15:28:10 +0000","<a href=""http://twitter.com/download/android"" rel=""nofollow"">Twitter for Android</a>","This line from Daniel Kahneman's ""Thinking Fast and Slow"" stuck out to me in the context of this election. https://t.co/7C4zxUs6LI","","","","https://twitter.com/nitsua96/status/758685486877593600/photo/1"
"758669251611734018","","","2016-07-28 14:23:39 +0000","<a href=""http://twitter.com/download/android"" rel=""nofollow"">Twitter for Android</a>","Where do you go after scanning boxes #ThursdayThoughts","","","",""
"758503361154998272","","","2016-07-28 03:24:28 +0000","<a href=""https://mobile.twitter.com"" rel=""nofollow"">Twitter Lite</a>","""That was back when people couldn't stop themselves from eating five baskets of chips and salsa""","","","",""
"758290136253681664","","","2016-07-27 13:17:11 +0000","<a href=""http://twitter.com/download/android"" rel=""nofollow"">Twitter for Android</a>","I love new ideas, give me new ideas","","","",""
"758142367081697282","","","2016-07-27 03:30:00 +0000","<a href=""https://mobile.twitter.com"" rel=""nofollow"">Twitter Lite</a>","Hands down favorite part about college is regressing to the mean","","","",""
